Name,Slug
52 Week High Stocks,52-week-high-stocks
52 Week Low Stocks,52-week-low-stocks
Aggressive Stocks Forecast,aggressive_stock_forecast
Apple Stock Forecasts,apple_stock_forecast
Australian Stocks,australian-stocks
Automotive Stock Forecast,automotive-stock-forecast
Bank Stock Forecast,bank_stock_forecast
Basic Industry Forecast,basic-industry-forecast
Biotech Stocks Forecast,biotech-stocks-forecast
Bitcoin,bitcoin
Bovespa,bovespa
Brazil Stock Forecast,brazil-stock-forecast
Canadian Stock Forecast,canadian-stock-forecast
Chemicals Stocks,chemicals-stocks
Chinese ETFs Forecast,chinese-etfs-forecast
Chinese Stock Forecast,chinese-stock-forecast
Computer Industry,computer-industry
Conservative Stock Forecast,conservative_stock_forecast
Consumer Stocks,consumer-stocks
Currency Forecast,currency-forecast
Dividend Stocks Forecast,dividend_stocks_forecast
Energy Stocks Forecast,energy-stocks-forecast
ETFs Forecast,etfs_forecast
European ETFs Forecast,european_etfs_forecast
European Stock Forecast,european_stock_forecast
French Stock Forecast,french-stock-forecast
Fundamental,fundamental
Futures,futures
German Stock Forecast,german-stock-forecast
Gold & Commodity Forecast,gold-commodity-forecast
Healthcare,healthcare
Hedge Fund Stocks,hedge-fund-stocks
Home Builders,home-builders
Hong Kong Stock Forecast,hong-kong-stock-forecast
Indian Stock Forecast,indian-stocks
Indices Forecast,indices_forecast
Indonesian Stocks,indonesian-stocks
Insider Trades,insider-trades
Insurance Companies Forecast,insurance-companies-forecast
Interest Rates Forecast,interest_rates_forecasts
International Stocks,international-stocks
Italian Stocks,italian-stocks
Japan Stock Forecast,Japan-Stock-Forecast
Israeli Stocks,israeli-stocks
Low Price High Volume Stocks, low_price_high_volume_stocks
Medicine Stocks,medicine-stocks
Mega Cap Forecast,mega-cap-forecast
Microsoft Stock Forecast,msft_stock_forecast
MLP Stocks,mlp-stocks
MSCI Stocks Universe,msci-stocks-universe
Netherlands Stocks,netherlands-stocks
Oil Forecast,oil-forecast
Options,options
Pharma Stocks Forecast,pharma-stocks-forecast
Real Estate Stock Forecast,real-estate-stock-forecast
Robinhood Trades,robinhood-trades
Russian Stock Forecast,russian-stock-forecast
S&P 100 Stocks,sp100-stocks
S&P500 Companies,sp500-companies
Saudi Arabian Stocks,saudi_arabian_stocks
Singaporean Stock Forecast,singaporean-stocks-forecast
Small Cap Forecast,small_cap_forecast
South African Stocks,south-african-stocks
Spanish Stocks,spanish-stocks
Stock Forecast & S&P500 Forecast,stock_forecast_sp500_forecast
Stocks Under $50,stocks-under-50
Stocks Under $20,stocks-under-20
Stocks Under $10,stock-under-10
Stocks Under $5,stocks-under-5-dollars
Swiss Stocks,swiss-stocks
Taiwanese Stock Forecast,taiwanese-stock-forecast
Tech Giants Stocks Forecast, tech-giants-stocks-forecast
Tech Stocks Forecast,tech_stocks_forecast
Transportation Stocks,transportation-stocks
Turkish Stock Forecast,turkish-stock-forecast
UK Stock Forecast,uk-stock-forecast
US Sector Indices Forecast,us-sector-indices-forecast
Volatility Forecast,volatility-forecast
Warren Buffett Portfolio,warren-buffett-portfolio
Shenzhen Stock Forecast,shenzhen-stock-forecast
Shanghai Stock Forecast,shanghai-stock-forecast